<?xml version="1.0" encoding="UTF-8" standalone="yes"?>
<addon id="repository.movistarTV.Leia"
		name="Addons MovistarTV Leia"
		version="1.0.0"
		provider-name="vmjuidiaz">
  <requires>
  </requires>
	<extension point="xbmc.addon.repository">
		<info>https://downloads.sourceforge.net/project/movistartv/Leia/addons/addons.xml</info>
		<checksum>https://downloads.sourceforge.net/project/movistartv/Leia/addons/addons.xml.md5</checksum>
		<datadir>https://downloads.sourceforge.net/project/movistartv/Leia/addons</datadir>
		<hashes>false</hashes>
	</extension>
	<extension point="xbmc.addon.metadata">
    <summary lang="en">Repositorio de Kodi PVR para Movistar+ TV Leia. NOTA: Instalamos primero el Servidor y luego el cliente de sistema operativo de nuestra maquina.</summary>
    <summary lang="es">Repositorio de Kodi PVR para Movistar+ TV Leia. NOTA: Instalamos primero el Servidor y luego el cliente de sistema operativo de nuestra maquina.</summary>
    <description lang="en">Repositorio de Kodi PVR para Movistar+ TV Leia. NOTA: Instalamos primero el Servidor y luego el cliente de sistema operativo de nuestra maquina.</description>
    <description lang="es">Repositorio de Kodi PVR para Movistar+ TV Leia. NOTA: Instalamos primero el Servidor y luego el cliente de sistema operativo de nuestra maquina.</description>
    <disclaimer lang="en"></disclaimer>
    <disclaimer lang="es"></disclaimer>
    <platform>all</platform>
	</extension>
</addon>
