<?xml version="1.0" encoding="UTF-8" standalone="yes"?>
<addon id="repository.Netai" name="[COLOR red]Netai[/COLOR] Repo" version="1.2.1" provider-name="Netai">
    <requires>
        <import addon="xbmc.addon" version="12.0.0"/>
    </requires>
    <extension point="xbmc.addon.repository" name="Netai-repo">
		<info>https://raw.githubusercontent.com/Andorth/Repo/master/repositorio/addons.xml</info>
		<checksum>https://raw.githubusercontent.com/Andorth/Repo/master/repositorio/addons.xml.md5</checksum>
		<datadir zip="true">https://raw.githubusercontent.com/Andorth/Repo/master/repositorio/</datadir>
	</extension>
    <extension point="xbmc.addon.metadata">
        <summary>Repositorio Grupo Netai</summary>
        <description>Soporte de los addon activos del grupo Netai y sus dependencias.</description>
        <disclaimer>Estos addons son gratuitos no pagues por ellos.</disclaimer>
        <platform>all</platform>
    </extension>
</addon>
