<?xml version="1.0" encoding="UTF-8" standalone="yes"?>
<addon id="repository.robinhoodtvpro" name="[B][COLOR lime]Robin Hood Tv Pro[B][COLOR white] Repository[/COLOR][/B]" version="2.2" provider-name="RobinHood">
	<extension point="xbmc.addon.repository" name="RobinHood repository">
    <info compressed="false">https://kodibalkan.com/robinhoodtvpro/programi/addons.xml</info>
		<checksum>https://kodibalkan.com/robinhoodtvpro/programi/addons.xml.md5</checksum>
		<datadir zip="true">https://kodibalkan.com/robinhoodtvpro/programi/</datadir>
	</extension>
	  <extension point="xbmc.addon.metadata">
		<summary lang="en">RobinHoodTvPro Repository</summary>
		<description lang="en">Welcome to the New and Improved [B][COLOR lime]ROBINHOODTVPRO WIZARD[/COLOR][/B] for all your Community Builds, All the Help and Assistance can be found Here.Welcome [B][COLOR=cyan]Facebook[/COLOR][/B] Group: [B][COLOR=lime]RobinHoodTvPro[/COLOR][/B] and [B][COLOR=cyan]TELEGRAM[/COLOR][/B] Group: [B][COLOR=lime]RobinHoodTvPro[/COLOR][/B] Thanks for using Robin Hood Tv Pro Repostory...</description>
		<platform>all</platform>
		<telegram>https://t.me/robinhoodtvapk/</telegram>
		<website>https://robinhoodtvpro.com/</website>
	  <assets>
		<icon>icon.gif</icon>
		<screenshot>resources/screenshots/screenshot1.jpg</screenshot>
		<screenshot>resources/screenshots/screenshot2.jpg</screenshot>
		<screenshot>resources/screenshots/screenshot3.jpg</screenshot>
		<screenshot>resources/screenshots/screenshot4.jpg</screenshot>
		<screenshot>resources/screenshots/screenshot5.jpg</screenshot>
	  </assets>
	  </extension>
</addon>