<?xml version="1.0" encoding="UTF-8" standalone="yes"?>
<addon id="plugin.program.super.favourites" name="Superfavoritos WB" version="555.0.59" provider-name="Modificado para wizard WB">
  <requires>
    <import addon="xbmc.python" version="2.14.0"/>
    <import addon="script.module.metahandler" optional="true" />
  </requires>


  <extension point="xbmc.python.pluginsource" library="default.py">
        <provides>audio image executable</provides>
  </extension>

  
  <extension point="xbmc.service" library="service.py" start="startup" />

  
  <extension point="xbmc.addon.metadata">
    <summary lang="en">Superfavoritos modificado para wizard WB.Creditos a Spoyser </summary>
    <description lang="en">Super Favoritos es la mejor manera de administrar sus favoritos de Kodi.Prácticamente cualquier elemento de menú dentro de Kodi se puede agregar a Super Favoritos, incluso desde complementos que normalmente no ofrecen esta función.
Super Favoritos le permite administrar mejor sus favoritos de Kodi, incluida la creación de subcarpetas, en las que sus favoritos de Kodi se pueden copiar o mover.
Esto le permite crear su propio complemento personalizado con las secciones preferidas de diferentes addons. </description>
    <platform>all</platform>
    <language>en</language>
    <license>GNU GENERAL PUBLIC LICENSE. Version 2, June 1991</license>
    <forum>http://forum.xbmc.org/showthread.php?tid=192662</forum>
    <website></website>
    <source>https://github.com/spoyser/spoyser-repo/tree/master/plugin.program.super.favourites</source>
    <email>seanpoyser at gmail.com</email>

    <news>
1.0.59: 29th May 2017
    - 'Now playing' text now defined by SF due to skin variations
    </news>

  </extension>


  <extension point="kodi.context.item">
    <menu id="kodi.core.main">

      <item library="capture.py">
        <label>$ADDON[plugin.program.super.favourites 30002]</label>
        <visible>!IsEmpty(Window(Home).Property(SF_STD_CONTEXTMENU_ENABLED)) + !StringCompare(Container.PluginName,plugin.program.super.favourites)</visible>
      </item>

      <item library="menu_addtofaves.py">
        <label>$ADDON[plugin.program.super.favourites 30047]</label>
        <visible>!IsEmpty(Window(Home).Property(SF_STD_ADDTOFAVES_ENABLED)) + !StringCompare(Container.PluginName,plugin.program.super.favourites)</visible>
      </item>

      <item library="menu_download.py">
        <label>$ADDON[plugin.program.super.favourites 30259]</label>
        <visible>!IsEmpty(Window(Home).Property(SF_STD_DOWNLOAD_ENABLED)) + Player.IsInternetStream</visible>
      </item>

    </menu>
  </extension>

</addon>
